[
  {
    "datetime": "2025-09-10T11:33:53.445Z",
    "username": "unknown",
    "activity": "logout"
  },
  {
    "datetime": "2025-09-10T11:33:53.542Z",
    "username": "yuval22",
    "activity": "login"
  },
  {
    "datetime": "2025-09-10T11:34:10.291Z",
    "username": "yuval22",
    "activity": "logout"
  },
  {
    "datetime": "2025-09-10T11:34:15.518Z",
    "username": "unknown",
    "activity": "logout"
  },
  {
    "datetime": "2025-09-10T11:34:15.602Z",
    "username": "yuval2301",
    "activity": "login"
  },
  {
    "datetime": "2025-09-10T12:02:30.342Z",
    "username": "yuval2301",
    "activity": "add-to-cart"
  },
  {
    "datetime": "2025-09-10T12:06:24.772Z",
    "username": "yuval2301",
    "activity": "login"
  },
  {
    "datetime": "2025-09-10T12:28:51.882Z",
    "username": "yuval2301",
    "activity": "add-to-cart"
  },
  {
    "datetime": "2025-09-10T13:51:18.278Z",
    "username": "user_hh2n1",
    "activity": "login"
  },
  {
    "datetime": "2025-09-10T13:51:18.348Z",
    "username": "user_hh2n1",
    "activity": "login"
  },
  {
    "datetime": "2025-09-10T13:52:06.471Z",
    "username": "user_la5py",
    "activity": "login"
  },
  {
    "datetime": "2025-09-10T13:52:06.543Z",
    "username": "user_la5py",
    "activity": "login"
  },
  {
    "datetime": "2025-09-10T13:52:06.552Z",
    "username": "user_la5py",
    "activity": "add-to-cart"
  },
  {
    "datetime": "2025-09-10T13:53:53.599Z",
    "username": "user_t7fyz",
    "activity": "login"
  },
  {
    "datetime": "2025-09-10T13:53:53.672Z",
    "username": "user_t7fyz",
    "activity": "login"
  },
  {
    "datetime": "2025-09-10T13:53:53.743Z",
    "username": "admin",
    "activity": "login"
  },
  {
    "datetime": "2025-09-10T13:53:53.758Z",
    "username": "user_t7fyz",
    "activity": "add-to-cart"
  },
  {
    "datetime": "2025-09-10T14:23:03.751Z",
    "username": "yuval2301",
    "activity": "login"
  },
  {
    "datetime": "2025-09-10T14:31:08.007Z",
    "username": "yuval2301",
    "activity": "login"
  },
  {
    "datetime": "2025-09-10T14:50:02.137Z",
    "username": "yuval2301",
    "activity": "login"
  },
  {
    "datetime": "2025-09-10T15:47:04.846Z",
    "username": "user_t24tm",
    "activity": "login"
  },
  {
    "datetime": "2025-09-10T15:47:04.922Z",
    "username": "user_t24tm",
    "activity": "login"
  },
  {
    "datetime": "2025-09-10T15:47:05.087Z",
    "username": "admin",
    "activity": "login"
  },
  {
    "datetime": "2025-09-10T15:47:05.106Z",
    "username": "user_t24tm",
    "activity": "add-to-cart"
  },
  {
    "datetime": "2025-09-10T15:47:21.509Z",
    "username": "user_2zw7n",
    "activity": "login"
  },
  {
    "datetime": "2025-09-10T15:47:21.581Z",
    "username": "user_2zw7n",
    "activity": "login"
  },
  {
    "datetime": "2025-09-10T15:47:21.652Z",
    "username": "admin",
    "activity": "login"
  },
  {
    "datetime": "2025-09-10T15:47:21.663Z",
    "username": "user_2zw7n",
    "activity": "add-to-cart"
  },
  {
    "datetime": "2025-09-10T15:53:52.007Z",
    "username": "user_ktxml",
    "activity": "login"
  },
  {
    "datetime": "2025-09-10T15:53:52.078Z",
    "username": "user_ktxml",
    "activity": "login"
  },
  {
    "datetime": "2025-09-10T15:53:52.152Z",
    "username": "admin",
    "activity": "login"
  },
  {
    "datetime": "2025-09-10T15:53:52.163Z",
    "username": "user_ktxml",
    "activity": "add-to-cart"
  },
  {
    "datetime": "2025-09-10T15:54:35.465Z",
    "username": "user_79btc",
    "activity": "login"
  },
  {
    "datetime": "2025-09-10T15:54:35.538Z",
    "username": "user_79btc",
    "activity": "login"
  },
  {
    "datetime": "2025-09-10T15:54:35.613Z",
    "username": "admin",
    "activity": "login"
  },
  {
    "datetime": "2025-09-10T15:54:35.627Z",
    "username": "user_79btc",
    "activity": "add-to-cart"
  },
  {
    "datetime": "2025-09-10T20:23:43.385Z",
    "username": "admin",
    "activity": "login"
  },
  {
    "datetime": "2025-09-10T20:23:48.321Z",
    "username": "user_vk432",
    "activity": "login"
  },
  {
    "datetime": "2025-09-10T20:23:48.392Z",
    "username": "user_vk432",
    "activity": "login"
  },
  {
    "datetime": "2025-09-10T20:23:48.463Z",
    "username": "admin",
    "activity": "login"
  },
  {
    "datetime": "2025-09-10T20:23:48.475Z",
    "username": "user_vk432",
    "activity": "add-to-cart"
  },
  {
    "datetime": "2025-09-10T20:24:29.998Z",
    "username": "yuval2301",
    "activity": "login"
  },
  {
    "datetime": "2025-09-10T20:25:38.022Z",
    "username": "admin",
    "activity": "login"
  },
  {
    "datetime": "2025-09-10T20:26:08.698Z",
    "username": "admin",
    "activity": "add-to-cart"
  },
  {
    "datetime": "2025-09-10T20:29:18.754Z",
    "username": "admin",
    "activity": "login"
  },
  {
    "datetime": "2025-09-11T07:23:27.809Z",
    "username": "admin",
    "activity": "login"
  },
  {
    "datetime": "2025-09-11T14:42:03.523Z",
    "username": "admin",
    "activity": "add-to-cart"
  },
  {
    "datetime": "2025-09-11T14:47:38.163Z",
    "username": "admin",
    "activity": "add-to-cart"
  },
  {
    "datetime": "2025-09-11T14:47:40.062Z",
    "username": "admin",
    "activity": "add-to-cart"
  },
  {
    "datetime": "2025-09-11T14:47:41.384Z",
    "username": "admin",
    "activity": "add-to-cart"
  },
  {
    "datetime": "2025-09-11T14:49:26.721Z",
    "username": "admin",
    "activity": "add-to-cart"
  },
  {
    "datetime": "2025-09-11T14:51:37.846Z",
    "username": "admin",
    "activity": "add-to-cart"
  },
  {
    "datetime": "2025-09-11T14:57:23.073Z",
    "username": "admin",
    "activity": "add-to-cart"
  },
  {
    "datetime": "2025-09-11T15:08:54.769Z",
    "username": "admin",
    "activity": "add-to-cart"
  },
  {
    "datetime": "2025-09-11T15:12:25.587Z",
    "username": "admin",
    "activity": "add-to-cart"
  },
  {
    "datetime": "2025-09-11T15:37:26.032Z",
    "username": "admin",
    "activity": "add-to-cart"
  },
  {
    "datetime": "2025-09-11T16:07:26.651Z",
    "username": "admin",
    "activity": "add-to-cart"
  },
  {
    "datetime": "2025-09-11T16:07:42.929Z",
    "username": "admin",
    "activity": "add-to-cart"
  },
  {
    "datetime": "2025-09-11T16:16:59.267Z",
    "username": "admin",
    "activity": "add-to-cart"
  },
  {
    "datetime": "2025-09-11T16:18:16.862Z",
    "username": "admin",
    "activity": "add-to-cart"
  },
  {
    "datetime": "2025-09-12T10:05:08.693Z",
    "username": "admin",
    "activity": "add-to-cart"
  }
]