[
  {
    "id": "p_drs_001",
    "title": "Black Mini Summer Dress",
    "description": "Lightweight knee-length summer dress with breathable fabric. Perfect for warm weather and casual occasions.",
    "category": "Summer",
    "tags": [
      "casual",
      "summer",
      "lightweight"
    ],
    "price": 89.99,
    "fabricType": "cotton",
    "variants": [
      {
        "size": "S",
        "stock": 10,
        "color": "black"
      },
      {
        "size": "M",
        "stock": 10,
        "color": "black"
      },
      {
        "size": "L",
        "stock": 10,
        "color": "black"
      }
    ],
    "images": {
      "main": "https://xcdn.next.co.uk/common/items/default/default/itemimages/3_4Ratio/product/lge/F36246s.jpg?im=Resize,width=750",
      "gallery": [
        "https://xcdn.next.co.uk/common/items/default/default/itemimages/3_4Ratio/product/lge/F36246s.jpg?im=Resize,width=750"
      ]
    },
    "inStock": true,
    "createdAt": "2025-01-01T00:00:00.000Z",
    "updatedAt": "2025-01-01T00:00:00.000Z",
    "sizes": [
      "S",
      "M",
      "L"
    ]
  },
  {
    "id": "p_drs_002",
    "title": "Elegant Evening Gown",
    "description": "Stunning floor-length evening gown perfect for formal events and special occasions.",
    "category": "Evening",
    "tags": [
      "formal",
      "elegant",
      "evening"
    ],
    "price": 299.99,
    "fabricType": "silk",
    "variants": [
      {
        "size": "S",
        "stock": 8,
        "color": "navy"
      },
      {
        "size": "M",
        "stock": 12,
        "color": "navy"
      },
      {
        "size": "L",
        "stock": 6,
        "color": "navy"
      }
    ],
    "images": {
      "main": "https://xcdn.next.co.uk/common/items/default/default/itemimages/3_4Ratio/product/lge/AG5158s.jpg?im=Resize,width=750",
      "gallery": [
        "https://xcdn.next.co.uk/common/items/default/default/itemimages/3_4Ratio/product/lge/AG5158s.jpg?im=Resize,width=750"
      ]
    },
    "inStock": true,
    "createdAt": "2025-01-01T00:00:00.000Z",
    "updatedAt": "2025-01-01T00:00:00.000Z"
  },
  {
    "id": "p_drs_003",
    "title": "Floral Spring Dress",
    "description": "Beautiful floral print dress perfect for spring and summer events.",
    "category": "Spring",
    "tags": [
      "floral",
      "spring",
      "casual"
    ],
    "price": 129.99,
    "fabricType": "cotton",
    "variants": [
      {
        "size": "S",
        "stock": 20,
        "color": "floral"
      },
      {
        "size": "M",
        "stock": 25,
        "color": "floral"
      },
      {
        "size": "L",
        "stock": 18,
        "color": "floral"
      }
    ],
    "images": {
      "main": "https://m.media-amazon.com/images/I/81Cj85XiyOL._AC_SX679_.jpg",
      "gallery": [
        "https://m.media-amazon.com/images/I/81Cj85XiyOL._AC_SX679_.jpg"
      ]
    },
    "inStock": true,
    "createdAt": "2025-01-01T00:00:00.000Z",
    "updatedAt": "2025-01-01T00:00:00.000Z"
  },
  {
    "id": "p_drs_004",
    "title": "Cocktail Party Dress",
    "description": "Perfect cocktail dress for parties and semi-formal events.",
    "category": "Cocktail",
    "tags": [
      "party",
      "cocktail",
      "semi-formal"
    ],
    "price": 159.99,
    "fabricType": "polyester",
    "variants": [
      {
        "size": "S",
        "stock": 12,
        "color": "red"
      },
      {
        "size": "M",
        "stock": 15,
        "color": "red"
      },
      {
        "size": "L",
        "stock": 10,
        "color": "red"
      }
    ],
    "images": {
      "main": "https://images.unsplash.com/photo-1502716119720-b23a93e5fe1b?w=400&h=600&fit=crop",
      "gallery": [
        "https://images.unsplash.com/photo-1502716119720-b23a93e5fe1b?w=400&h=600&fit=crop"
      ]
    },
    "inStock": true,
    "createdAt": "2025-01-01T00:00:00.000Z",
    "updatedAt": "2025-01-01T00:00:00.000Z"
  },
  {
    "id": "p_drs_005",
    "title": "Wedding Guest Dress",
    "description": "Elegant dress perfect for wedding guests and special celebrations.",
    "category": "Wedding Guest",
    "tags": [
      "wedding",
      "elegant",
      "special"
    ],
    "price": 189.99,
    "fabricType": "chiffon",
    "variants": [
      {
        "size": "S",
        "stock": 10,
        "color": "sage"
      },
      {
        "size": "M",
        "stock": 14,
        "color": "sage"
      },
      {
        "size": "L",
        "stock": 8,
        "color": "sage"
      }
    ],
    "images": {
      "main": "https://images.unsplash.com/photo-1496747611176-843222e1e57c?w=400&h=600&fit=crop",
      "gallery": [
        "https://images.unsplash.com/photo-1496747611176-843222e1e57c?w=400&h=600&fit=crop"
      ]
    },
    "inStock": true,
    "createdAt": "2025-01-01T00:00:00.000Z",
    "updatedAt": "2025-01-01T00:00:00.000Z"
  },
  {
    "id": "p_a33bb6dc-51a2-4954-8f99-a221dd0b525c",
    "title": "Ivy Black Gown",
    "description": "Classic elegant black evening dress",
    "price": 200,
    "category": "Evening",
    "images": {
      "main": "https://is4.revolveassets.com/images/p4/n/z/AMAN-WD2200_V1.jpg"
    },
    "variants": [
      {
        "size": "M",
        "color": "black",
        "stock": 1
      }
    ],
    "ownerId": "u_admin_001",
    "createdAt": "2025-09-11T09:30:08.511Z",
    "updatedAt": "2025-09-11T09:30:08.511Z"
  },
  {
    "id": "p_41e6157f-0553-4188-99e4-ca456da6eb06",
    "title": "Elegant Navy Blue Dress",
    "description": "Elegant Sexy Strapless Slit-Draped Evening Party Dress",
    "price": 80,
    "category": "Evening",
    "images": {
      "main": "https://img.ltwebstatic.com/v4/j/spmp/2025/08/29/d9/17564400173589ea5c4bf7e9ff6194628a36b41f4b_wk_1756462940_thumbnail_900x.webp"
    },
    "variants": [
      {
        "size": "S",
        "color": "navy",
        "stock": 1
      }
    ],
    "ownerId": "u_admin_001",
    "createdAt": "2025-09-11T09:30:42.590Z",
    "updatedAt": "2025-09-11T09:30:42.590Z"
  },
  {
    "id": "p_4eb2a9ad-2c79-4528-ac02-999e7f8808fa",
    "title": "Elegant Women'S Sleeveless Dress",
    "description": "Light Yellow, Ruched Detail, Flowy A-Line Skirt, Perfect for Spring & Summer, Casual Vacation Style, Casual Summer Dress | Sleeveless Fashion | Ruched Texture",
    "price": 90,
    "category": "Summer",
    "images": {
      "main": "https://img.kwcdn.com/product/fancy/f484e31d-0610-4436-9faf-c3fc9c5a469d.jpg?imageView2/2/w/800/q/70/format/webp"
    },
    "variants": [
      {
        "size": "S",
        "color": "yellow",
        "stock": 2
      }
    ],
    "ownerId": "u_admin_001",
    "createdAt": "2025-09-11T09:34:24.898Z",
    "updatedAt": "2025-09-11T09:34:24.898Z"
  },
  {
    "id": "p_01b414e6-a2ab-4ebf-beca-072c87314647",
    "title": "Ace Dress",
    "description": "Daily Pacific Mini Dress",
    "price": 78,
    "category": "Casual",
    "images": {
      "main": "https://is4.revolveassets.com/images/p4/n/z/AMAN-WD942_V1.jpg"
    },
    "variants": [
      {
        "size": "M",
        "stock": 10,
        "color": "Pacific"
      }
    ],
    "ownerId": "u_admin_001",
    "createdAt": "2025-09-11T09:37:58.686Z",
    "updatedAt": "2025-09-11T09:37:58.686Z",
    "sizes": [
      "M"
    ]
  },
  {
    "id": "p_174f7b5f-25f6-488c-a88c-73a13c354b92",
    "title": "Amelie Dress",
    "description": "A strapless maxi dress with a flattering fit, featuring a red-and-white checkered pattern for a fresh, summery look.",
    "price": 76,
    "category": "Summer",
    "images": {
      "main": "https://is4.revolveassets.com/images/p4/n/z/SDRE-WD237_V1.jpg"
    },
    "variants": [
      {
        "size": "S",
        "color": "Gingham Coral",
        "stock": 1
      }
    ],
    "ownerId": "u_admin_001",
    "createdAt": "2025-09-11T09:47:53.915Z",
    "updatedAt": "2025-09-11T09:47:53.915Z"
  },
  {
    "id": "p_de7abb8b-cc8e-4748-a5ef-94b1c2d44a25",
    "title": "La Lune Ruched Tie Maxi Dress",
    "description": "A sleek cream maxi dress with delicate spaghetti straps and a ruched bodice, offering an elegant and timeless silhouette.",
    "price": 80,
    "category": "Holiday",
    "images": {
      "main": "https://is4.revolveassets.com/images/p4/n/z/SHON-WD647_V1.jpg"
    },
    "variants": [
      {
        "size": "XS",
        "color": "Cream",
        "stock": 1
      }
    ],
    "ownerId": "u_admin_001",
    "createdAt": "2025-09-11T09:59:39.301Z",
    "updatedAt": "2025-09-11T09:59:39.301Z"
  },
  {
    "id": "p_d75edd70-cf17-4038-aa72-a4e27aa40430",
    "title": "Zita Embroidered A-Line Mini Dress - Cobalt",
    "description": "A sleeveless cobalt blue A-line mini dress with delicate embroidery, giving it a fresh, playful, and effortlessly chic look.",
    "price": 90,
    "category": "Casual",
    "images": {
      "main": "https://petalandpup.com/cdn/shop/files/ZitaEmbroideredA-LineMiniDress-Cobalt2.jpg?v=1738914204&width=900"
    },
    "variants": [
      {
        "size": "L",
        "color": "Cobalt",
        "stock": 2
      }
    ],
    "ownerId": "u_admin_001",
    "createdAt": "2025-09-11T10:02:41.024Z",
    "updatedAt": "2025-09-11T10:02:41.024Z"
  }
]